id,page,claim_zh,claim_en,source_urls,locators,status,review_date
CORE-SB-001,courses/tbi-mini.html#source-backed,意识改变时并行核查氧合、灌注、血糖、药物和惊厥因素，并评估颅内恶化。,"When mentation changes, assess oxygenation, perfusion, glucose, drugs and seizures alongside intracranial deterioration.",https://www.facs.org/media/vgfgjpfk/best-practices-guidelines-traumatic-brain-injury.pdf | https://pmc.ncbi.nlm.nih.gov/articles/PMC9977110/,"Initial physiologic targets pp.19–20; neurologic/ICP assessment pp.21–27 | Recommendations 5,8,11,13,18; physiology, imaging, coagulation, TBI exception, temperature",teacher_review_pending,2026-10-04
CORE-SB-002,courses/tbi-mini.html#source-backed,避免低氧和低血压；颅内监测、重复影像及手术评估结合伤情、趋势与神经外科判断，不能由单张 CT 自动触发。,"Avoid hypoxaemia and hypotension. Monitoring, repeat imaging and surgical review depend on injury, trajectory and neurosurgical assessment, not one CT alone.",https://www.facs.org/media/vgfgjpfk/best-practices-guidelines-traumatic-brain-injury.pdf | https://pmc.ncbi.nlm.nih.gov/articles/PMC9977110/,"Initial physiologic targets pp.19–20; neurologic/ICP assessment pp.21–27 | Recommendations 5,8,11,13,18; physiology, imaging, coagulation, TBI exception, temperature",teacher_review_pending,2026-10-04
CORE-SB-003,courses/tbi-mini.html#source-backed,连续记录 GCS 的 E/V/M、瞳孔与四肢反应，同时记录全身生理。新变化比“已经做过 CT”更能提示重新评估。,"Record GCS components, pupils and limb responses with systemic physiology. New changes require reassessment even after CT.",https://www.facs.org/media/vgfgjpfk/best-practices-guidelines-traumatic-brain-injury.pdf | https://pmc.ncbi.nlm.nih.gov/articles/PMC9977110/,"Initial physiologic targets pp.19–20; neurologic/ICP assessment pp.21–27 | Recommendations 5,8,11,13,18; physiology, imaging, coagulation, TBI exception, temperature",teacher_review_pending,2026-10-04
CORE-SB-004,courses/chest-trauma-mini.html#source-backed,疑似张力性气胸合并血流动力学不稳或严重呼吸受损时，团队不应为等待影像延误紧急处理；不要求所有经典体征齐全。,Suspected tension pneumothorax with haemodynamic instability or severe respiratory compromise warrants urgent team action without waiting for imaging or every classic sign.,https://link.springer.com/article/10.1186/s13017-025-00651-1 | https://www.facs.org/media/qdgliayt/2025_tr_bestpracticesguidelines_chest-wall.pdf | https://www.nice.org.uk/guidance/ng39/chapter/Recommendations,Pleural injuries; chest wall injuries; conditional recommendations | Physiology; respiratory failure; SSRF indications and timing | 1.4 chest; 1.5 haemorrhage and imaging; updates checked at source,teacher_review_pending,2026-10-04
CORE-SB-005,courses/chest-trauma-mini.html#source-backed,积血量不是唯一决定因素。把生理变化、通气需求、积血进展和复查能力一起交给专科评估；胸壁固定也需结合稳定性、移位和呼吸负担。,"Volume alone does not decide management. Integrate physiology, ventilation needs, progression and follow-up capacity with specialist review. Fixation also depends on stability, displacement and respiratory burden.",https://link.springer.com/article/10.1186/s13017-025-00651-1 | https://www.facs.org/media/qdgliayt/2025_tr_bestpracticesguidelines_chest-wall.pdf | https://www.nice.org.uk/guidance/ng39/chapter/Recommendations,Pleural injuries; chest wall injuries; conditional recommendations | Physiology; respiratory failure; SSRF indications and timing | 1.4 chest; 1.5 haemorrhage and imaging; updates checked at source,teacher_review_pending,2026-10-04
CORE-SB-006,courses/chest-trauma-mini.html#source-backed,同时追踪患者氧合和灌注、引流量的逐小时记录、管路状态。病情下降时不等待凑满某个数字阈值。,"Track oxygenation and perfusion, hourly drainage and tube/system status together. Do not wait for a numerical threshold when physiology declines.",https://link.springer.com/article/10.1186/s13017-025-00651-1 | https://www.facs.org/media/qdgliayt/2025_tr_bestpracticesguidelines_chest-wall.pdf | https://www.nice.org.uk/guidance/ng39/chapter/Recommendations,Pleural injuries; chest wall injuries; conditional recommendations | Physiology; respiratory failure; SSRF indications and timing | 1.4 chest; 1.5 haemorrhage and imaging; updates checked at source,teacher_review_pending,2026-10-04
CORE-SB-007,courses/abdominal-injury-mini.html#source-backed,阴性 FAST 不能结束出血风险评估，也不能排除肠、系膜或腹膜后损伤。症状变化时重新查体和更新信息需求。,"Negative FAST does not close bleeding assessment or exclude bowel, mesenteric or retroperitoneal injury. Re-examine and update information needs as symptoms change.",https://www.nice.org.uk/guidance/ng39/chapter/Recommendations | https://doi.org/10.1186/s13017-020-00302-7 | https://doi.org/10.1186/s13017-022-00418-y | https://doi.org/10.1186/s13017-022-00457-5,"1.4 chest; 1.5 haemorrhage and imaging; updates checked at source | NOM eligibility, monitoring and access to rescue intervention | Diagnostic uncertainty, serial examination and repeat assessment | Risk-based follow-up during nonoperative management",teacher_review_pending,2026-10-04
CORE-SB-008,courses/abdominal-injury-mini.html#source-backed,选择非手术路径需综合生理稳定、无其他需手术的损伤、连续监测及及时救援能力；不是凭影像分级单独决定。,"Nonoperative care requires physiologic stability, no other injury requiring surgery, serial monitoring and timely rescue capacity; imaging grade alone is insufficient.",https://www.nice.org.uk/guidance/ng39/chapter/Recommendations | https://doi.org/10.1186/s13017-020-00302-7 | https://doi.org/10.1186/s13017-022-00418-y | https://doi.org/10.1186/s13017-022-00457-5,"1.4 chest; 1.5 haemorrhage and imaging; updates checked at source | NOM eligibility, monitoring and access to rescue intervention | Diagnostic uncertainty, serial examination and repeat assessment | Risk-based follow-up during nonoperative management",teacher_review_pending,2026-10-04
CORE-SB-009,courses/abdominal-injury-mini.html#source-backed,腹痛范围、腹膜刺激征、灌注与实验室趋势恶化时，重新评估延迟显现的损伤；重复 CT 与介入或手术评估按病情和资源决定。,"Worsening pain, peritoneal findings, perfusion or laboratory trends prompt review for evolving injury; repeat CT and procedural assessment depend on physiology and resources.",https://www.nice.org.uk/guidance/ng39/chapter/Recommendations | https://doi.org/10.1186/s13017-020-00302-7 | https://doi.org/10.1186/s13017-022-00418-y | https://doi.org/10.1186/s13017-022-00457-5,"1.4 chest; 1.5 haemorrhage and imaging; updates checked at source | NOM eligibility, monitoring and access to rescue intervention | Diagnostic uncertainty, serial examination and repeat assessment | Risk-based follow-up during nonoperative management",teacher_review_pending,2026-10-04
CORE-SB-010,courses/polytrauma-mini.html#source-backed,损伤名称不等于当前休克原因；结合机制、连续灌注、全身出血来源和复苏反应更新风险。,"An injury label does not establish the current cause of shock. Update risk using mechanism, serial perfusion, all bleeding sources and response to resuscitation.",https://pmc.ncbi.nlm.nih.gov/articles/PMC9977110/ | https://www.facs.org/media/vgfgjpfk/best-practices-guidelines-traumatic-brain-injury.pdf | https://www.nice.org.uk/guidance/ng39/chapter/Recommendations,"Recommendations 5,8,11,13,18; physiology, imaging, coagulation, TBI exception, temperature | Initial physiologic targets pp.19–20; neurologic/ICP assessment pp.21–27 | 1.4 chest; 1.5 haemorrhage and imaging; updates checked at source",teacher_review_pending,2026-10-04
CORE-SB-011,courses/polytrauma-mini.html#source-backed,出血控制、复苏、保温、凝血评估和资源启动相互衔接。不稳定且无反应的患者不应因 CT 延误必要的出血控制。,"Bleeding control, resuscitation, warming, coagulation assessment and resource activation are coordinated. CT should not delay necessary haemorrhage control in an unstable nonresponder.",https://pmc.ncbi.nlm.nih.gov/articles/PMC9977110/ | https://www.facs.org/media/vgfgjpfk/best-practices-guidelines-traumatic-brain-injury.pdf | https://www.nice.org.uk/guidance/ng39/chapter/Recommendations,"Recommendations 5,8,11,13,18; physiology, imaging, coagulation, TBI exception, temperature | Initial physiologic targets pp.19–20; neurologic/ICP assessment pp.21–27 | 1.4 chest; 1.5 haemorrhage and imaging; updates checked at source",teacher_review_pending,2026-10-04
CORE-SB-012,courses/polytrauma-mini.html#source-backed,不能把无脑损伤条件下的允许性低血压策略套用到重型 TBI。意识下降同时核对低氧、休克和药物等混杂因素，避免由 GCS 单独归因。,"Do not apply permissive hypotension intended for patients without brain injury to severe TBI. Assess hypoxia, shock and drug confounders when mentation falls; GCS alone does not establish cause.",https://pmc.ncbi.nlm.nih.gov/articles/PMC9977110/ | https://www.facs.org/media/vgfgjpfk/best-practices-guidelines-traumatic-brain-injury.pdf | https://www.nice.org.uk/guidance/ng39/chapter/Recommendations,"Recommendations 5,8,11,13,18; physiology, imaging, coagulation, TBI exception, temperature | Initial physiologic targets pp.19–20; neurologic/ICP assessment pp.21–27 | 1.4 chest; 1.5 haemorrhage and imaging; updates checked at source",teacher_review_pending,2026-10-04
CORE-SB-013,courses/xabcde.html#source-backed,xABCDE 是共同语言；危及生命的出血与其他立即威胁由团队并行组织，不是做完一项才允许开始下一项。,"xABCDE provides shared language. Teams coordinate life-threatening bleeding and other immediate threats in parallel, rather than requiring one task to finish before another starts.",https://www.facs.org/quality-programs/trauma/education/advanced-trauma-life-support/atls-11/ | https://www.nice.org.uk/guidance/ng39/chapter/Recommendations | https://pmc.ncbi.nlm.nih.gov/articles/PMC9977110/,"xABCDE framework; public summary only | 1.4 chest; 1.5 haemorrhage and imaging; updates checked at source | Recommendations 5,8,11,13,18; physiology, imaging, coagulation, TBI exception, temperature",teacher_review_pending,2026-10-04
CORE-SB-014,courses/xabcde.html#source-backed,疑似张力生理结合临床严重度；FAST 只提供有限的液体信息，不能单独关闭出血假设。,Assess suspected tension physiology using clinical severity; FAST offers limited fluid information and cannot independently close the bleeding hypothesis.,https://www.facs.org/quality-programs/trauma/education/advanced-trauma-life-support/atls-11/ | https://www.nice.org.uk/guidance/ng39/chapter/Recommendations | https://pmc.ncbi.nlm.nih.gov/articles/PMC9977110/,"xABCDE framework; public summary only | 1.4 chest; 1.5 haemorrhage and imaging; updates checked at source | Recommendations 5,8,11,13,18; physiology, imaging, coagulation, TBI exception, temperature",teacher_review_pending,2026-10-04
CORE-SB-015,courses/xabcde.html#source-backed,报告变化、未解问题和下一复评时点；检查后、干预后和转运后重新对比。,"Report changes, unresolved questions and the next reassessment point; compare again after tests, interventions and transport.",https://www.facs.org/quality-programs/trauma/education/advanced-trauma-life-support/atls-11/ | https://www.nice.org.uk/guidance/ng39/chapter/Recommendations | https://pmc.ncbi.nlm.nih.gov/articles/PMC9977110/,"xABCDE framework; public summary only | 1.4 chest; 1.5 haemorrhage and imaging; updates checked at source | Recommendations 5,8,11,13,18; physiology, imaging, coagulation, TBI exception, temperature",teacher_review_pending,2026-10-04
CORE-SB-016,courses/pelvic-trauma.html#source-backed,高能量机制和持续灌注异常需要考虑骨盆及其他隐匿出血来源；避免反复诱发骨盆不稳的检查。,High-energy mechanism and persistent perfusion abnormalities warrant assessment of pelvic and other occult bleeding sources; avoid repeated provocative pelvic testing.,https://www.nice.org.uk/guidance/ng39/chapter/Recommendations | https://pmc.ncbi.nlm.nih.gov/articles/PMC9977110/ | https://link.springer.com/article/10.1186/s13256-018-1808-7,"1.4 chest; 1.5 haemorrhage and imaging; updates checked at source | Recommendations 5,8,11,13,18; physiology, imaging, coagulation, TBI exception, temperature | Figs.1,5; case-specific masking example",teacher_review_pending,2026-10-04
CORE-SB-017,courses/pelvic-trauma.html#source-backed,报告束带是否在位、检查时的生理和未回答的问题。表面复位不能独立排除骨盆环损伤。,"Report binder status, physiology at imaging and unresolved questions. Apparent reduction cannot independently exclude pelvic ring injury.",https://www.nice.org.uk/guidance/ng39/chapter/Recommendations | https://pmc.ncbi.nlm.nih.gov/articles/PMC9977110/ | https://link.springer.com/article/10.1186/s13256-018-1808-7,"1.4 chest; 1.5 haemorrhage and imaging; updates checked at source | Recommendations 5,8,11,13,18; physiology, imaging, coagulation, TBI exception, temperature | Figs.1,5; case-specific masking example",teacher_review_pending,2026-10-04
CORE-SB-018,courses/pelvic-trauma.html#source-backed,骨科、止血、复苏及进一步影像路径按生理与本地资源协同制定，束带移除需团队计划。,"Coordinate orthopaedic, haemorrhage-control, resuscitation and imaging pathways by physiology and local resources; binder removal requires a team plan.",https://www.nice.org.uk/guidance/ng39/chapter/Recommendations | https://pmc.ncbi.nlm.nih.gov/articles/PMC9977110/ | https://link.springer.com/article/10.1186/s13256-018-1808-7,"1.4 chest; 1.5 haemorrhage and imaging; updates checked at source | Recommendations 5,8,11,13,18; physiology, imaging, coagulation, TBI exception, temperature | Figs.1,5; case-specific masking example",teacher_review_pending,2026-10-04
CORE-SB-019,courses/trauma-bay.html#source-backed,到院前确认空间可达、监护可用、团队角色与求助路径；具体编制按本地流程。,"Before arrival confirm access, monitoring readiness, team roles and escalation paths; staffing follows local workflows.",https://www.who.int/publications/i/item/9789241513081 | https://www.who.int/teams/integrated-health-services/clinical-services-and-systems/service-organizations-and-integration/emergency-critical-and-operative-care/trauma-care,Systematic assessment; breathing; shock; referral | Team checks; critical transitions,teacher_review_pending,2026-10-04
CORE-SB-020,courses/trauma-bay.html#source-backed,报告机制、已知生理变化、已做事项和未知信息，不把猜测写成观察事实。,"Report mechanism, known physiologic changes, completed actions and unknowns; do not turn assumptions into observations.",https://www.who.int/publications/i/item/9789241513081 | https://www.who.int/teams/integrated-health-services/clinical-services-and-systems/service-organizations-and-integration/emergency-critical-and-operative-care/trauma-care,Systematic assessment; breathing; shock; referral | Team checks; critical transitions,teacher_review_pending,2026-10-04
CORE-SB-021,courses/trauma-bay.html#source-backed,核查帮助团队发现遗漏；立即威胁仍按优先级并行处理，交接后有人持续复评。,"Checks help identify omissions. Immediate threats remain prioritised and coordinated, with an assigned reassessment owner after handoff.",https://www.who.int/publications/i/item/9789241513081 | https://www.who.int/teams/integrated-health-services/clinical-services-and-systems/service-organizations-and-integration/emergency-critical-and-operative-care/trauma-care,Systematic assessment; breathing; shock; referral | Team checks; critical transitions,teacher_review_pending,2026-10-04
CORE-SB-022,courses/trauma-care-chain.html#source-backed,转运讨论应包含所需救治能力、预警内容、交通与资源状态，而不是只列医院名字。,"Transport discussions include required care capability, pre-alert information, access and resources, not just a hospital name.",https://www.who.int/publications/i/item/9789241513081 | https://www.who.int/teams/integrated-health-services/clinical-services-and-systems/service-organizations-and-integration/emergency-critical-and-operative-care/trauma-care,Systematic assessment; breathing; shock; referral | Team checks; critical transitions,teacher_review_pending,2026-10-04
CORE-SB-023,courses/trauma-care-chain.html#source-backed,连续传递机制、生命体征趋势、干预与反应、未解决问题以及下一责任人。,"Transmit mechanism, vital trends, interventions and responses, unresolved questions and the next responsible person.",https://www.who.int/publications/i/item/9789241513081 | https://www.who.int/teams/integrated-health-services/clinical-services-and-systems/service-organizations-and-integration/emergency-critical-and-operative-care/trauma-care,Systematic assessment; breathing; shock; referral | Team checks; critical transitions,teacher_review_pending,2026-10-04
CORE-SB-024,courses/trauma-care-chain.html#source-backed,离开现场、到院和转科是重新评估的节点；“已经检查”不能代替当前状态。,"Departure, arrival and transfer between teams are reassessment points; completed tests do not replace current status.",https://www.who.int/publications/i/item/9789241513081 | https://www.who.int/teams/integrated-health-services/clinical-services-and-systems/service-organizations-and-integration/emergency-critical-and-operative-care/trauma-care,Systematic assessment; breathing; shock; referral | Team checks; critical transitions,teacher_review_pending,2026-10-04
CORE-SB-025,courses/trauma-disaster-medicine.html#source-backed,区分常规急诊分诊与大规模伤亡情境；说明需求、可用能力和安全约束怎样变化。,"Distinguish routine emergency triage from mass-casualty conditions; explain changes in demand, capacity and safety constraints.",https://www.who.int/tools/triage | https://www.who.int/publications/i/item/9789241513081,Routine and mass-casualty triage are different contexts | Systematic assessment; breathing; shock; referral,teacher_review_pending,2026-10-04
CORE-SB-026,courses/trauma-disaster-medicine.html#source-backed,伤情与资源都可能改变；记录优先级依据、去向和复评责任，不把首次标签当作永久结论。,"Both injury and resources can change. Record the rationale, destination and reassessment owner rather than treating the first tag as permanent.",https://www.who.int/tools/triage | https://www.who.int/publications/i/item/9789241513081,Routine and mass-casualty triage are different contexts | Systematic assessment; breathing; shock; referral,teacher_review_pending,2026-10-04
CORE-SB-027,courses/trauma-disaster-medicine.html#source-backed,按机构认可的分诊工具训练；图中的地区标签只作实物对照，不自动等同于 WHO IITT 颜色或类别。,"Train with the institution’s adopted tool. The regional tag is a physical reference, not an automatic match to WHO IITT colours or categories.",https://www.who.int/tools/triage | https://www.who.int/publications/i/item/9789241513081,Routine and mass-casualty triage are different contexts | Systematic assessment; breathing; shock; referral,teacher_review_pending,2026-10-04
CORE-SB-028,courses/trauma-skill.html?id=tube-thoracostomy#skill-source-backed,把机制、临床征象与生理变化放在一起，明确问题和需要的团队能力。,"Integrate mechanism, clinical signs and physiologic change; state the problem and required team capability.",https://link.springer.com/article/10.1186/s13017-025-00651-1 | https://www.nice.org.uk/guidance/ng39/chapter/Recommendations,Pleural injuries; chest wall injuries; conditional recommendations | 1.4 chest; 1.5 haemorrhage and imaging; updates checked at source,teacher_review_pending,2026-10-04
CORE-SB-029,courses/trauma-skill.html?id=tube-thoracostomy#skill-source-backed,在监督模拟中核查设备可用、角色、求助路径与失败预案；临床选择由具备相应能力的团队判断。,"In supervised simulation check equipment readiness, roles, escalation and backup plans; clinical choices require an appropriately skilled team.",https://link.springer.com/article/10.1186/s13017-025-00651-1 | https://www.nice.org.uk/guidance/ng39/chapter/Recommendations,Pleural injuries; chest wall injuries; conditional recommendations | 1.4 chest; 1.5 haemorrhage and imaging; updates checked at source,teacher_review_pending,2026-10-04
CORE-SB-030,courses/trauma-skill.html?id=tube-thoracostomy#skill-source-backed,用患者趋势和与技能相关的客观信息核查效果；不能以完成动作或单张图片证明成功，搬动和状态变化后重新确认。,Verify effect using patient trends and skill-specific objective information; a completed action or photograph does not prove success. Recheck after movement or status changes.,https://link.springer.com/article/10.1186/s13017-025-00651-1 | https://www.nice.org.uk/guidance/ng39/chapter/Recommendations,Pleural injuries; chest wall injuries; conditional recommendations | 1.4 chest; 1.5 haemorrhage and imaging; updates checked at source,teacher_review_pending,2026-10-04
CORE-SB-031,courses/trauma-skill.html?id=cricothyrotomy#skill-source-backed,教学识别核心是不能插管且不能维持氧合的危急状态，及时宣布并求助；针刺器械图只是来源中的历史设备实例，不能代表现代成人首选策略。,"Recognise failure to intubate and maintain oxygenation, announce it and call for help. A needle-kit photograph is a historical equipment example, not a current preferred adult strategy.",https://das.uk.com/new-das-2025-intubation-guidelines/ | https://www.nice.org.uk/guidance/ng39/chapter/Recommendations,Oxygenation and team-based difficult-airway planning; perioperative adult scope | 1.4 chest; 1.5 haemorrhage and imaging; updates checked at source,teacher_review_pending,2026-10-04
CORE-SB-032,courses/trauma-skill.html?id=cricothyrotomy#skill-source-backed,在监督模拟中核查设备可用、角色、求助路径与失败预案；临床选择由具备相应能力的团队判断。,"In supervised simulation check equipment readiness, roles, escalation and backup plans; clinical choices require an appropriately skilled team.",https://das.uk.com/new-das-2025-intubation-guidelines/ | https://www.nice.org.uk/guidance/ng39/chapter/Recommendations,Oxygenation and team-based difficult-airway planning; perioperative adult scope | 1.4 chest; 1.5 haemorrhage and imaging; updates checked at source,teacher_review_pending,2026-10-04
CORE-SB-033,courses/trauma-skill.html?id=cricothyrotomy#skill-source-backed,用患者趋势和与技能相关的客观信息核查效果；不能以完成动作或单张图片证明成功，搬动和状态变化后重新确认。,Verify effect using patient trends and skill-specific objective information; a completed action or photograph does not prove success. Recheck after movement or status changes.,https://das.uk.com/new-das-2025-intubation-guidelines/ | https://www.nice.org.uk/guidance/ng39/chapter/Recommendations,Oxygenation and team-based difficult-airway planning; perioperative adult scope | 1.4 chest; 1.5 haemorrhage and imaging; updates checked at source,teacher_review_pending,2026-10-04
CORE-SB-034,courses/trauma-skill.html?id=efast#skill-source-backed,把机制、临床征象与生理变化放在一起，明确问题和需要的团队能力。,"Integrate mechanism, clinical signs and physiologic change; state the problem and required team capability.",https://www.who.int/publications/i/item/9789241513081 | https://www.nice.org.uk/guidance/ng39/chapter/Recommendations,Systematic assessment; breathing; shock; referral | 1.4 chest; 1.5 haemorrhage and imaging; updates checked at source,teacher_review_pending,2026-10-04
CORE-SB-035,courses/trauma-skill.html?id=efast#skill-source-backed,在监督模拟中核查设备可用、角色、求助路径与失败预案；临床选择由具备相应能力的团队判断。,"In supervised simulation check equipment readiness, roles, escalation and backup plans; clinical choices require an appropriately skilled team.",https://www.who.int/publications/i/item/9789241513081 | https://www.nice.org.uk/guidance/ng39/chapter/Recommendations,Systematic assessment; breathing; shock; referral | 1.4 chest; 1.5 haemorrhage and imaging; updates checked at source,teacher_review_pending,2026-10-04
CORE-SB-036,courses/trauma-skill.html?id=efast#skill-source-backed,阳性图像只回答该窗口的问题；阴性 EFAST 不排除损伤。明确重复检查、进一步影像或升级的临床触发点。,"A positive image answers the window-specific question; negative eFAST does not exclude injury. Define clinical triggers for reassessment, further imaging or escalation.",https://www.who.int/publications/i/item/9789241513081 | https://www.nice.org.uk/guidance/ng39/chapter/Recommendations,Systematic assessment; breathing; shock; referral | 1.4 chest; 1.5 haemorrhage and imaging; updates checked at source,teacher_review_pending,2026-10-04
CORE-SB-037,courses/trauma-skill.html?id=pelvic-binder#skill-source-backed,把机制、临床征象与生理变化放在一起，明确问题和需要的团队能力。,"Integrate mechanism, clinical signs and physiologic change; state the problem and required team capability.",https://www.facs.org/quality-programs/trauma/education/advanced-trauma-life-support/atls-11/ | https://www.nice.org.uk/guidance/ng39/chapter/Recommendations | https://pmc.ncbi.nlm.nih.gov/articles/PMC9977110/,"xABCDE framework; public summary only | 1.4 chest; 1.5 haemorrhage and imaging; updates checked at source | Recommendations 5,8,11,13,18; physiology, imaging, coagulation, TBI exception, temperature",teacher_review_pending,2026-10-04
CORE-SB-038,courses/trauma-skill.html?id=pelvic-binder#skill-source-backed,在监督模拟中核查设备可用、角色、求助路径与失败预案；临床选择由具备相应能力的团队判断。,"In supervised simulation check equipment readiness, roles, escalation and backup plans; clinical choices require an appropriately skilled team.",https://www.facs.org/quality-programs/trauma/education/advanced-trauma-life-support/atls-11/ | https://www.nice.org.uk/guidance/ng39/chapter/Recommendations | https://pmc.ncbi.nlm.nih.gov/articles/PMC9977110/,"xABCDE framework; public summary only | 1.4 chest; 1.5 haemorrhage and imaging; updates checked at source | Recommendations 5,8,11,13,18; physiology, imaging, coagulation, TBI exception, temperature",teacher_review_pending,2026-10-04
CORE-SB-039,courses/trauma-skill.html?id=pelvic-binder#skill-source-backed,用患者趋势和与技能相关的客观信息核查效果；不能以完成动作或单张图片证明成功，搬动和状态变化后重新确认。,Verify effect using patient trends and skill-specific objective information; a completed action or photograph does not prove success. Recheck after movement or status changes.,https://www.facs.org/quality-programs/trauma/education/advanced-trauma-life-support/atls-11/ | https://www.nice.org.uk/guidance/ng39/chapter/Recommendations | https://pmc.ncbi.nlm.nih.gov/articles/PMC9977110/,"xABCDE framework; public summary only | 1.4 chest; 1.5 haemorrhage and imaging; updates checked at source | Recommendations 5,8,11,13,18; physiology, imaging, coagulation, TBI exception, temperature",teacher_review_pending,2026-10-04
CORE-SB-040,courses/trauma-skill.html?id=splinting#skill-source-backed,把机制、临床征象与生理变化放在一起，明确问题和需要的团队能力。,"Integrate mechanism, clinical signs and physiologic change; state the problem and required team capability.",https://www.who.int/publications/i/item/9789241513081 | https://www.nice.org.uk/guidance/ng39/chapter/Recommendations,Systematic assessment; breathing; shock; referral | 1.4 chest; 1.5 haemorrhage and imaging; updates checked at source,teacher_review_pending,2026-10-04
CORE-SB-041,courses/trauma-skill.html?id=splinting#skill-source-backed,在监督模拟中核查设备可用、角色、求助路径与失败预案；临床选择由具备相应能力的团队判断。,"In supervised simulation check equipment readiness, roles, escalation and backup plans; clinical choices require an appropriately skilled team.",https://www.who.int/publications/i/item/9789241513081 | https://www.nice.org.uk/guidance/ng39/chapter/Recommendations,Systematic assessment; breathing; shock; referral | 1.4 chest; 1.5 haemorrhage and imaging; updates checked at source,teacher_review_pending,2026-10-04
CORE-SB-042,courses/trauma-skill.html?id=splinting#skill-source-backed,用患者趋势和与技能相关的客观信息核查效果；不能以完成动作或单张图片证明成功，搬动和状态变化后重新确认。,Verify effect using patient trends and skill-specific objective information; a completed action or photograph does not prove success. Recheck after movement or status changes.,https://www.who.int/publications/i/item/9789241513081 | https://www.nice.org.uk/guidance/ng39/chapter/Recommendations,Systematic assessment; breathing; shock; referral | 1.4 chest; 1.5 haemorrhage and imaging; updates checked at source,teacher_review_pending,2026-10-04
CORE-SB-043,courses/trauma-skill.html?id=needle-decompression#skill-source-backed,把机制、临床征象与生理变化放在一起，明确问题和需要的团队能力。,"Integrate mechanism, clinical signs and physiologic change; state the problem and required team capability.",https://link.springer.com/article/10.1186/s13017-025-00651-1 | https://www.nice.org.uk/guidance/ng39/chapter/Recommendations,Pleural injuries; chest wall injuries; conditional recommendations | 1.4 chest; 1.5 haemorrhage and imaging; updates checked at source,teacher_review_pending,2026-10-04
CORE-SB-044,courses/trauma-skill.html?id=needle-decompression#skill-source-backed,在监督模拟中核查设备可用、角色、求助路径与失败预案；临床选择由具备相应能力的团队判断。,"In supervised simulation check equipment readiness, roles, escalation and backup plans; clinical choices require an appropriately skilled team.",https://link.springer.com/article/10.1186/s13017-025-00651-1 | https://www.nice.org.uk/guidance/ng39/chapter/Recommendations,Pleural injuries; chest wall injuries; conditional recommendations | 1.4 chest; 1.5 haemorrhage and imaging; updates checked at source,teacher_review_pending,2026-10-04
CORE-SB-045,courses/trauma-skill.html?id=needle-decompression#skill-source-backed,用患者趋势和与技能相关的客观信息核查效果；不能以完成动作或单张图片证明成功，搬动和状态变化后重新确认。,Verify effect using patient trends and skill-specific objective information; a completed action or photograph does not prove success. Recheck after movement or status changes.,https://link.springer.com/article/10.1186/s13017-025-00651-1 | https://www.nice.org.uk/guidance/ng39/chapter/Recommendations,Pleural injuries; chest wall injuries; conditional recommendations | 1.4 chest; 1.5 haemorrhage and imaging; updates checked at source,teacher_review_pending,2026-10-04
CORE-SB-046,courses/trauma-skill.html?id=bvm#skill-source-backed,把机制、临床征象与生理变化放在一起，明确问题和需要的团队能力。,"Integrate mechanism, clinical signs and physiologic change; state the problem and required team capability.",https://www.who.int/publications/i/item/9789241513081 | https://www.nice.org.uk/guidance/ng39/chapter/Recommendations,Systematic assessment; breathing; shock; referral | 1.4 chest; 1.5 haemorrhage and imaging; updates checked at source,teacher_review_pending,2026-10-04
CORE-SB-047,courses/trauma-skill.html?id=bvm#skill-source-backed,在监督模拟中核查设备可用、角色、求助路径与失败预案；临床选择由具备相应能力的团队判断。,"In supervised simulation check equipment readiness, roles, escalation and backup plans; clinical choices require an appropriately skilled team.",https://www.who.int/publications/i/item/9789241513081 | https://www.nice.org.uk/guidance/ng39/chapter/Recommendations,Systematic assessment; breathing; shock; referral | 1.4 chest; 1.5 haemorrhage and imaging; updates checked at source,teacher_review_pending,2026-10-04
CORE-SB-048,courses/trauma-skill.html?id=bvm#skill-source-backed,用患者趋势和与技能相关的客观信息核查效果；不能以完成动作或单张图片证明成功，搬动和状态变化后重新确认。,Verify effect using patient trends and skill-specific objective information; a completed action or photograph does not prove success. Recheck after movement or status changes.,https://www.who.int/publications/i/item/9789241513081 | https://www.nice.org.uk/guidance/ng39/chapter/Recommendations,Systematic assessment; breathing; shock; referral | 1.4 chest; 1.5 haemorrhage and imaging; updates checked at source,teacher_review_pending,2026-10-04
CORE-SB-049,courses/trauma-skill.html?id=tourniquet#skill-source-backed,识别危及生命的四肢出血并快速启动止血；不能把“高位紧扎”当成所有伤口的通用定位规则。记录时间与止血效果并交接。,Recognise life-threatening extremity bleeding and activate prompt control. “High and tight” is not a universal positioning rule for every visible wound. Record time and effect for handoff.,https://www.facs.org/quality-programs/trauma/education/advanced-trauma-life-support/atls-11/ | https://www.nice.org.uk/guidance/ng39/chapter/Recommendations | https://pmc.ncbi.nlm.nih.gov/articles/PMC9977110/,"xABCDE framework; public summary only | 1.4 chest; 1.5 haemorrhage and imaging; updates checked at source | Recommendations 5,8,11,13,18; physiology, imaging, coagulation, TBI exception, temperature",teacher_review_pending,2026-10-04
CORE-SB-050,courses/trauma-skill.html?id=tourniquet#skill-source-backed,在监督模拟中核查设备可用、角色、求助路径与失败预案；临床选择由具备相应能力的团队判断。,"In supervised simulation check equipment readiness, roles, escalation and backup plans; clinical choices require an appropriately skilled team.",https://www.facs.org/quality-programs/trauma/education/advanced-trauma-life-support/atls-11/ | https://www.nice.org.uk/guidance/ng39/chapter/Recommendations | https://pmc.ncbi.nlm.nih.gov/articles/PMC9977110/,"xABCDE framework; public summary only | 1.4 chest; 1.5 haemorrhage and imaging; updates checked at source | Recommendations 5,8,11,13,18; physiology, imaging, coagulation, TBI exception, temperature",teacher_review_pending,2026-10-04
CORE-SB-051,courses/trauma-skill.html?id=tourniquet#skill-source-backed,用患者趋势和与技能相关的客观信息核查效果；不能以完成动作或单张图片证明成功，搬动和状态变化后重新确认。,Verify effect using patient trends and skill-specific objective information; a completed action or photograph does not prove success. Recheck after movement or status changes.,https://www.facs.org/quality-programs/trauma/education/advanced-trauma-life-support/atls-11/ | https://www.nice.org.uk/guidance/ng39/chapter/Recommendations | https://pmc.ncbi.nlm.nih.gov/articles/PMC9977110/,"xABCDE framework; public summary only | 1.4 chest; 1.5 haemorrhage and imaging; updates checked at source | Recommendations 5,8,11,13,18; physiology, imaging, coagulation, TBI exception, temperature",teacher_review_pending,2026-10-04
CORE-SB-052,courses/trauma-skill.html?id=intubation#skill-source-backed,把机制、临床征象与生理变化放在一起，明确问题和需要的团队能力。,"Integrate mechanism, clinical signs and physiologic change; state the problem and required team capability.",https://das.uk.com/new-das-2025-intubation-guidelines/ | https://www.nice.org.uk/guidance/ng39/chapter/Recommendations,Oxygenation and team-based difficult-airway planning; perioperative adult scope | 1.4 chest; 1.5 haemorrhage and imaging; updates checked at source,teacher_review_pending,2026-10-04
CORE-SB-053,courses/trauma-skill.html?id=intubation#skill-source-backed,在监督模拟中核查设备可用、角色、求助路径与失败预案；临床选择由具备相应能力的团队判断。,"In supervised simulation check equipment readiness, roles, escalation and backup plans; clinical choices require an appropriately skilled team.",https://das.uk.com/new-das-2025-intubation-guidelines/ | https://www.nice.org.uk/guidance/ng39/chapter/Recommendations,Oxygenation and team-based difficult-airway planning; perioperative adult scope | 1.4 chest; 1.5 haemorrhage and imaging; updates checked at source,teacher_review_pending,2026-10-04
CORE-SB-054,courses/trauma-skill.html?id=intubation#skill-source-backed,训练中强调持续波形呼气末 CO₂ 与临床信息共同确认，并在转运或状态改变后复查；尝试次数与切换路径按专科预案。,"Training emphasises sustained waveform capnography with clinical information, with repeat checks after transfer or status change; attempts and transitions follow a specialty plan.",https://das.uk.com/new-das-2025-intubation-guidelines/ | https://www.nice.org.uk/guidance/ng39/chapter/Recommendations,Oxygenation and team-based difficult-airway planning; perioperative adult scope | 1.4 chest; 1.5 haemorrhage and imaging; updates checked at source,teacher_review_pending,2026-10-04
