filename,author,title,source,figure,caption,license,license_url,verification,changes,sha256
care-chain-ambulance.jpg,"Jim Legans, Jr（Flickr 原作者）",Wikimedia Commons 文件：Paramedics in an ambulance（无图号；原文件名 Paramedics in an ambulance.jpg；来源 flickr.com/photos/9575673@N08/3388664448）,https://commons.wikimedia.org/wiki/File:Paramedics_in_an_ambulance.jpg,Wikimedia Commons 文件：Paramedics in an ambulance（无图号；原文件名 Paramedics in an ambulance.jpg；来源 flickr.com/photos/9575673@N08/3388664448）,This ambulance represents paramedics getting to a scene where someone needs medical attention.,CC BY 2.0,https://creativecommons.org/licenses/by/2.0,Codex: Commons API licence/author + original SHA1 match; visual inspection 2026-10-04,Original image retained; display scaled proportionally; teaching interpretation separate,ac9c4dfdd0b3f20cb089012d04996a6024f55090b6927025517fbd14876e269d
care-chain-hems-takeoff.jpg,Julian Herzog（Wikimedia Commons 用户，本人作品）,"Wikimedia Commons 文件：DRF Luftrettung Eurocopter EC135 P2 Christoph 44 air ambulance helicopter during takeoff in Goettingen, Germany（无图号；原文件名 DRF Eurocopter EC135 Christoph 44 D-HDRK Goettingen 2017 03.jpg）",https://commons.wikimedia.org/wiki/File:DRF_Eurocopter_EC135_Christoph_44_D-HDRK_G%C3%B6ttingen_2017_03.jpg,"Wikimedia Commons 文件：DRF Luftrettung Eurocopter EC135 P2 Christoph 44 air ambulance helicopter during takeoff in Goettingen, Germany（无图号；原文件名 DRF Eurocopter EC135 Christoph 44 D-HDRK Goettingen 2017 03.jpg）","DRF Luftrettung Eurocopter EC135 P2 Christoph 44 air ambulance helicopter (reg. D-HDRK, s/n 0477) during takeoff in Goettingen, Germany.",CC BY 4.0,https://creativecommons.org/licenses/by/4.0,Codex: Commons API licence/author + original SHA1 match; visual inspection 2026-10-04,Original image retained; display scaled proportionally; teaching interpretation separate,1e1e3b40979b658b16cff951aee50ea0d160cdd255e75de96cd43019425d7231
case-cspine-01.jpg,"Ashraf AM, Houten JK (Cureus 2021; doi:10.7759/cureus.16059)","A Potentially Advantageous Use of a Zero-Profile, Stand-Alone Anterior Interbody Spacer at C2-3 for the Treatment of Hangman's Fracture: A Technical Case Report",https://pmc.ncbi.nlm.nih.gov/articles/PMC8328804/,Figure 2,A lateral cervical radiograph (A) two months following the injury shows new anterior displacement of C2 on C3 despite compliance with hard cervical collar immobilization. Sagittal reconstructed paramedian CT images three months following the injury on the right (B) and left (C) show nonunion of the pars fracture.,CC BY 3.0,https://creativecommons.org/licenses/by/3.0/,"Codex: original publisher/Europe PMC XML licence and figure caption checked, no figure-specific third-party attribution; visual inspection 2026-10-04",Original image retained; display scaled proportionally; teaching interpretation separate,68cc5023ded3450488c93b84cba90a79a890a480775d2126b035d62cb159010e
case-hip-left-01.jpg,"Al-Jafar T, Al-Jafar T, Ismail A, Al-Hilli A (JAAOS Global Research & Reviews 2026; doi:10.5435/jaaosglobal-d-25-00128)",Traumatic Bilateral Asymmetric Hip Dislocation With a Rotated Pipkin Type II Femoral Head Fracture,https://pmc.ncbi.nlm.nih.gov/articles/PMC12879952/,Figure 1,"Pre-reduction pelvic radiograph, showing bilateral (right anterior and left posterior) dislocations of the hip.",CC BY 4.0,https://creativecommons.org/licenses/by/4.0/,"Codex: original publisher/Europe PMC XML licence and figure caption checked, no figure-specific third-party attribution; visual inspection 2026-10-04",Original image retained; display scaled proportionally; teaching interpretation separate,d8f9f1e28fe369c9e205941c0101e8326b8d14845956e97b0bc71e2e684debbe
case-polytrauma-01.png,"Cerevisae (Wikimedia Commons, own work)",Apical pneumothorax shown on CT and chest X-ray with left first rib fracture,https://commons.wikimedia.org/wiki/File:Apical_pneumothorax_shown_on_CT_and_chest_X-ray_with_left_first_rib_fracture.png,单张合成图（左=胸部CT轴位，右=仰卧位胸片AP）,A post trauma patient with apical pneumothorax shown on CT and chest X-ray with left first rib fracture. Lung haematoma is more obvious on CT scan of thorax.,CC BY-SA 4.0,https://creativecommons.org/licenses/by-sa/4.0,Codex: Commons API licence/author + original SHA1 match; visual inspection 2026-10-04,Original image retained; display scaled proportionally; teaching interpretation separate,4bdb723d374c8cfc0f9e567ddc62bc3db2ee15f93d0db5660d74cdba72e581f7
disaster-hurricane-ike-usar.jpg,Mike Moore / FEMA,"Wikimedia Commons 文件：FEMA - 38280 - Urban Search And Rescue Teams Working Together In Texas After Hurricane Ike, 2008（无图号；原文件名 FEMA - 38280 - Urban Search And Rescue Teams Working Together In Texas After Hurricane Ike, 2008.jpg）","https://commons.wikimedia.org/wiki/File:FEMA_-_38280_-_Urban_Search_And_Rescue_Teams_Working_Together_In_Texas_After_Hurricane_Ike,_2008.jpg","Wikimedia Commons 文件：FEMA - 38280 - Urban Search And Rescue Teams Working Together In Texas After Hurricane Ike, 2008（无图号；原文件名 FEMA - 38280 - Urban Search And Rescue Teams Working Together In Texas After Hurricane Ike, 2008.jpg）","Orange, TX, September 13, 2008 -- Members of the Texas Task Force Two (Texas TF-2) helping the U. S. Coast Guard launch a boat to search and rescue victims of flooding due to Hurricane Ike. Mike Moore/FEMA",Public domain,"https://commons.wikimedia.org/wiki/File:FEMA_-_38280_-_Urban_Search_And_Rescue_Teams_Working_Together_In_Texas_After_Hurricane_Ike,_2008.jpg",Codex: Commons API licence/author + original SHA1 match; visual inspection 2026-10-04,Original image retained; display scaled proportionally; teaching interpretation separate,4e3e3386909af509102c013b6cd6073031d1efa81e831e88dae448c1535b0130
disaster-ndms-triage-exercise.jpg,TSgt Michael O'Halloran（美国空军）,Wikimedia Commons 文件：NDMS exercise Golden Eagle III triage（无图号；原始文件名见原页）,https://commons.wikimedia.org/wiki/File:Emergency_medical_services_providers_triage_a_simulated_patient_in_a_105th_Airlift_Wing_hangar_during_the_National_Disaster_Medical_System_(NDMS)_exercise_Golden_Eagle_III_at_Stewart_Air_National_Guard_Base_130601-Z-GJ424-054.jpg,Wikimedia Commons 文件：NDMS exercise Golden Eagle III triage（无图号；原始文件名见原页）,"Emergency medical services providers triage a simulated patient in a 105th Airlift Wing hangar during the National Disaster Medical System (NDMS) exercise Golden Eagle III at Stewart Air National Guard Base in Newburgh, N.Y., June 1, 2013.",Public domain,https://commons.wikimedia.org/wiki/File:Emergency_medical_services_providers_triage_a_simulated_patient_in_a_105th_Airlift_Wing_hangar_during_the_National_Disaster_Medical_System_(NDMS)_exercise_Golden_Eagle_III_at_Stewart_Air_National_Guard_Base_130601-Z-GJ424-054.jpg,Codex: Commons API licence/author + original SHA1 match; visual inspection 2026-10-04,Original image retained; display scaled proportionally; teaching interpretation separate,774ab6028279e3e38525f4f8d7d6d9602a449fac618be261ee02977c5fb79a1e
disaster-triage-tag.jpg,Genppy（Wikimedia Commons 用户，本人作品并释出）,Wikimedia Commons 文件：Triage tag (Tokyo Fire Department)（无图号；原文件名 Triage tag (Tokyo Fire Department).jpg）,https://commons.wikimedia.org/wiki/File:Triage_tag_(Tokyo_Fire_Department).jpg,Wikimedia Commons 文件：Triage tag (Tokyo Fire Department)（无图号；原文件名 Triage tag (Tokyo Fire Department).jpg）,Triage tag (Tokyo Fire Department) / 東京消防庁で実際に使用されている「トリアージ・タッグ」,Public domain,https://commons.wikimedia.org/wiki/File:Triage_tag_(Tokyo_Fire_Department).jpg,Codex: Commons API licence/author + original SHA1 match; visual inspection 2026-10-04,Original image retained; display scaled proportionally; teaching interpretation separate,78c682f9ffcffc0030519228646e2c76a5202b75090380833d21f616ee3547c9
pelvic-binder-ct-insitu.png,"Jamme S, Poletti A, Gamulin A, Rutschmann O, Andereggen E, Grosgurin O, Marti C",Figure 1 — 同上（Jamme S et al. J Med Case Rep. 2018;12:271）,https://link.springer.com/article/10.1186/s13256-018-1808-7,Figure 1 — 同上（Jamme S et al. J Med Case Rep. 2018;12:271）,Computed tomography showing the pelvic binder (SAM® Pelvic Sling™ II) in situ,CC BY 4.0,https://creativecommons.org/licenses/by/4.0/,"Codex: original publisher/Europe PMC XML licence and figure caption checked, no figure-specific third-party attribution; visual inspection 2026-10-04",Original image retained; display scaled proportionally; teaching interpretation separate,850b44f5e1b5e82f766dd0af05b767572c8c7a4e6b2714bb3f21929ecb50a739
pelvic-openbook-ap-xray.png,"Jamme S, Poletti A, Gamulin A, Rutschmann O, Andereggen E, Grosgurin O, Marti C",Figure 5 — Jamme S et al. False negative computed tomography scan due to pelvic binder in a patient with pelvic disruption: a case report and review of the literature. J Med Case Rep. 2018;12:271. DOI: 10.1186/s13256-018-1808-7,https://link.springer.com/article/10.1186/s13256-018-1808-7,Figure 5 — Jamme S et al. False negative computed tomography scan due to pelvic binder in a patient with pelvic disruption: a case report and review of the literature. J Med Case Rep. 2018;12:271. DOI: 10.1186/s13256-018-1808-7,Pelvic anteroposterior plain film after binder removal showing pubic symphysis diastasis (white arrow) and left sacroiliac disruption (black arrow),CC BY 4.0,https://creativecommons.org/licenses/by/4.0/,"Codex: original publisher/Europe PMC XML licence and figure caption checked, no figure-specific third-party attribution; visual inspection 2026-10-04",Original image retained; display scaled proportionally; teaching interpretation separate,cee4cc111e253cd0ef729fdb996aa6413bc605083d762bae096fa4379ba685ec
sb-abd-liver-laceration-grade4-ct.png,"James Heilman, MD (User:Doc_James)",Grade 4 liver laceration,https://commons.wikimedia.org/wiki/File:Grade4LiverLac.png,File:Grade4LiverLac.png,Grade 4 liver laceration,CC BY-SA 4.0,https://creativecommons.org/licenses/by-sa/4.0,Codex: Commons API licence/author + original SHA1 match; visual inspection 2026-10-04,Original image retained; display scaled proportionally; teaching interpretation separate,e44818311a943bcf9b02af99ae188f89d242bab47a15639c2f32ab768f9f1817
sb-abd-splenic-rupture-ct.jpg,Hellerhoff,CT Spleen Rupture,https://commons.wikimedia.org/wiki/File:CT_Spleen_Rupture.jpg,File:CT_Spleen_Rupture.jpg,"Traumatic splenic rupture in computer tomography, axial. Portal venous contrast medium phase. Hypodense irregularity in the lower part of the spleen as a correlate of the parenchyma. Band-shaped hem at the lower edge as a sign of free fluid / blood. This is an edited version of the source image made",CC BY-SA 4.0,https://creativecommons.org/licenses/by-sa/4.0,Codex: Commons API licence/author + original SHA1 match; visual inspection 2026-10-04,Original image retained; display scaled proportionally; teaching interpretation separate,a84c023cf573806b9df40dcaf3d0435398cff0269c2b249e93047a01fb1dfd8e
sb-chest-flail-costochondral-separation-ct.jpg,"Zachary Taylor, Jeremy Miller, Danielle Z Azani, Brian Patterson, Andrew McCague",Management of a Flail Chest Caused by Multiple Costosternal Fractures: A Case Report (Cureus 2023),https://pmc.ncbi.nlm.nih.gov/articles/PMC10808774/,Figure 1,Axial chest CT on day one showing costochondral separation (blue arrow).,CC BY 4.0,https://creativecommons.org/licenses/by/4.0/,"Codex: original publisher/Europe PMC XML licence and figure caption checked, no figure-specific third-party attribution; visual inspection 2026-10-04",Original image retained; display scaled proportionally; teaching interpretation separate,dbd4f6f6b8823dc6bffd9f12e82019573130a3ecc76855b75e5603f2f3989c43
sb-chest-tension-pneumothorax-cxr.jpg,"User ""Clinical Cases"" (clinicalcases.org)",Pneumothorax CXR — left pneumothorax used to illustrate tension pneumothorax,https://commons.wikimedia.org/wiki/File:Pneumothorax_CXR.jpg,,"Left pneumothorax. This X-ray is used on clinicalcases.org to illustrate a fictional case history of tension pneumothorax. Note the large, well-demarcated area devoid of lung markings, the tracheal deviation and movement of the heart away from the affected side. There is also small pleural effusion",CC BY-SA 2.5,https://creativecommons.org/licenses/by-sa/2.5,Codex: Commons API licence/author + original SHA1 match; visual inspection 2026-10-04,Original image retained; display scaled proportionally; teaching interpretation separate,f36d1809cc50c920818d577041963d8d6ec0036ab3928db92264ffce80053f35
sb-poly-lciii-preop-ap.png,"Leite-Moreira JP, Seixas J, Boavida J, Pais Lopes A",Surgical Management of a Lateral Compression (LC)III Pelvic Ring Fracture With Type I Crescent Fracture-Dislocation: A Case Report,https://pmc.ncbi.nlm.nih.gov/articles/PMC13380300/,FIGURE 1,FIGURE 1: Preoperative anteroposterior pelvic radiograph. Red arrows indicate the left crescent iliac fracture. Blue arrows indicate the bilateral iliopubic and ischiopubic rami fractures.,CC BY 4.0,https://creativecommons.org/licenses/by/4.0/,"Codex: original publisher/Europe PMC XML licence and figure caption checked, no figure-specific third-party attribution; visual inspection 2026-10-04",Original image retained; display scaled proportionally; teaching interpretation separate,9a41cd40d746f3a922c75d70742b6f46673cd768161e3b3313d996cf5ebaa247
skill-bvm-01.jpg,Lance Cpl. Kevin Clark (U.S. Marine Corps),"File:A mannequin and a bag valve mask are used to train U.S. Marines in cardiopulmonary resuscitation (CPR) for emergency procedures at Marine Corps Air Station Beaufort, S.C., Jan. 28, 2010 100128-M-QS915-003.jpg","https://commons.wikimedia.org/wiki/File:A_mannequin_and_a_bag_valve_mask_are_used_to_train_U.S._Marines_in_cardiopulmonary_resuscitation_(CPR)_for_emergency_procedures_at_Marine_Corps_Air_Station_Beaufort,_S.C.,_Jan._28,_2010_100128-M-QS915-003.jpg",100128-M-QS915-003 (DVIDS),"A mannequin and a bag valve mask are used to train U.S. Marines in cardiopulmonary resuscitation (CPR) for emergency procedures at Marine Corps Air Station Beaufort, S.C., Jan. 28, 2010.",Public domain,"https://commons.wikimedia.org/wiki/File:A_mannequin_and_a_bag_valve_mask_are_used_to_train_U.S._Marines_in_cardiopulmonary_resuscitation_(CPR)_for_emergency_procedures_at_Marine_Corps_Air_Station_Beaufort,_S.C.,_Jan._28,_2010_100128-M-QS915-003.jpg",Codex: Commons API licence/author + original SHA1 match; visual inspection 2026-10-04,Original image retained; display scaled proportionally; teaching interpretation separate,6626aef37b68463daf840b18ef76f516957808bfce1e6e1fc8c4b0f34f43899d
skill-bvm-02.jpg,ICUnurses (Wikimedia Commons user),File:Bag mask ventilation device.jpg,https://commons.wikimedia.org/wiki/File:Bag_mask_ventilation_device.jpg,—,Also known as bag valve mask. Used for manual ventilation of the patient,CC BY-SA 4.0,https://creativecommons.org/licenses/by-sa/4.0,Codex: Commons API licence/author + original SHA1 match; visual inspection 2026-10-04,Original image retained; display scaled proportionally; teaching interpretation separate,39c0918ed50b50b0f928993b2a537304d51dd4a6e0d41d4da347b43c28c29a12
skill-chesttube-01.jpg,"C. H. Chen, S. Y. Lee et al",File:ChestTube.jpg,https://commons.wikimedia.org/wiki/File:ChestTube.jpg,—,An inserted chest tube,CC BY 2.5,https://creativecommons.org/licenses/by/2.5,Codex: Commons API licence/author + original SHA1 match; visual inspection 2026-10-04,Original image retained; display scaled proportionally; teaching interpretation separate,772d97c0c253c6790b1e7d15726d79192ca6daa6737818cb675b6c9650e83a1e
skill-chesttube-02.jpg,Johntex (User:Johntex~commonswiki),File:Chest drain - bedside with fluids.jpg,https://commons.wikimedia.org/wiki/File:Chest_drain_-_bedside_with_fluids.jpg,—,chest drain - bedside with fluids,CC BY 2.5,https://creativecommons.org/licenses/by/2.5,Codex: Commons API licence/author + original SHA1 match; visual inspection 2026-10-04,Original image retained; display scaled proportionally; teaching interpretation separate,0d03c2e6dd2c6e2564669bc6324b1d03b290072b343a4d7a89aa6d3b9e45a5b9
skill-cric-01.jpg,"James Heilman, MD (User:Doc James)",File:NeedleCryc1.jpg,https://commons.wikimedia.org/wiki/File:NeedleCryc1.jpg,—,"One possible set of equipment for a needle cricothyrotomy includes a bag valve mask, 3 ml syringe with the plunger removed, 7.0-mm adult endotracheal tube adapter, and 14-gauge angiocatheter.",CC BY-SA 4.0,https://creativecommons.org/licenses/by-sa/4.0,Codex: Commons API licence/author + original SHA1 match; visual inspection 2026-10-04,Original image retained; display scaled proportionally; teaching interpretation separate,cf03f27cbb99a23021f95e70e93ac903092aaae182871e7a9d023fd9f69d4dcf
skill-cric-02.jpg,"James Heilman, MD (User:Doc James)",File:CricGear.jpg,https://commons.wikimedia.org/wiki/File:CricGear.jpg,—,Equipment needed to perform a cricothyrotomy,CC BY-SA 4.0,https://creativecommons.org/licenses/by-sa/4.0,Codex: Commons API licence/author + original SHA1 match; visual inspection 2026-10-04,Original image retained; display scaled proportionally; teaching interpretation separate,45e83c144666503be8ffe1e31b6b2d3fce914cda5762521bae0e4dab8ff279b5
skill-efast-01.jpg,Ben Smith (Ultrasound of the Week),File:UOTW 67 - Ultrasound of the Week 3.jpg,https://commons.wikimedia.org/wiki/File:UOTW_67_-_Ultrasound_of_the_Week_3.jpg,UOTW 67,27 year old female brought in by ambulance after a high speed MVC. Vitals show a BP of 80 systolic and a heart rate of 140. There is evidence of significant chest trauma. Abdominal FAST is negative for free fluid. A subcostal view shows the following image:,CC BY-SA 4.0,https://creativecommons.org/licenses/by-sa/4.0,Codex: Commons API licence/author + original SHA1 match; visual inspection 2026-10-04,Original image retained; display scaled proportionally; teaching interpretation separate,1df91115b3a4f47b759d0bb3e9d529f8c7bb5321739312d8b603763d3155b990
skill-efast-02.jpg,Sgt. Kassie McDole (U.S. Marine Corps),File:SPMAGTF-CR-AF medical personnel use FRSS-STP to conduct FAST exams 160721-M-QM580-012.jpg,https://commons.wikimedia.org/wiki/File:SPMAGTF-CR-AF_medical_personnel_use_FRSS-STP_to_conduct_FAST_exams_160721-M-QM580-012.jpg,160721-M-QM580-012 (DVIDS),"U.S. Navy Lt. Angela Odom, a trauma nurse with Special Purpose Marine Air-Ground Task Force-Crisis Response-Africa observes a simulated patient's heart on a mobile ultrasound monitor during a Focused Assessment with Sonography for Trauma (FAST) exam",Public domain,https://commons.wikimedia.org/wiki/File:SPMAGTF-CR-AF_medical_personnel_use_FRSS-STP_to_conduct_FAST_exams_160721-M-QM580-012.jpg,Codex: Commons API licence/author + original SHA1 match; visual inspection 2026-10-04,Original image retained; display scaled proportionally; teaching interpretation separate,6be8241d8503ff8f27c3df460dc1131745fdfae39abc9d8168a88018c43b30f4
skill-intubation-01.jpg,Pöllö (Wikimedia Commons user),File:Intubation endotracheal tube laryngoscope.jpg,https://commons.wikimedia.org/wiki/File:Intubation_endotracheal_tube_laryngoscope.jpg,—,Intubation - placement of endotracheal tube with a laryngoscope to a doll in an out-of-hospital -exercise.,CC BY 3.0,https://creativecommons.org/licenses/by/3.0,Codex: Commons API licence/author + original SHA1 match; visual inspection 2026-10-04,Original image retained; display scaled proportionally; teaching interpretation separate,18da2a24dbe568acc349b43600428df71d08770c81c3fc34991c75f16e19eff2
skill-intubation-02.jpg,Radim Holiš (User:Miďonek),"File:ZZS MSK, záchranáři, kardiopulmonální resuscitace a endotracheální intubace (03).jpg","https://commons.wikimedia.org/wiki/File:ZZS_MSK,_z%C3%A1chran%C3%A1%C5%99i,_kardiopulmon%C3%A1ln%C3%AD_resuscitace_a_endotrache%C3%A1ln%C3%AD_intubace_(03).jpg",—,"Paramedics of Zdravotnická záchranná služba Moravskoslezského kraje during cardiopulmonary resuscitation and endotracheal intubation, photo was taken during 2012 NATO Days in Ostrava",CC BY-SA 3.0 cz,https://creativecommons.org/licenses/by-sa/3.0/cz/deed.en,Codex: Commons API licence/author + original SHA1 match; visual inspection 2026-10-04,Original image retained; display scaled proportionally; teaching interpretation separate,89e5f4d6c0b217671d6f307b4790614ede8b6cde86d29ffd8d43280596689d8c
skill-needle-01.jpg,U.S. Army photo by Cpl. Fallon Lewis,File:Needle Chest Decompression (7952541).jpg,https://commons.wikimedia.org/wiki/File:Needle_Chest_Decompression_(7952541).jpg,7952541 (DVIDS),"U.S. Army Pfc. Jeniah Eril, assigned to the Hohenfels Health Clinic, simulates a needle chest decompression during an Individual Critical Task List (ICTL) training exercise at the Hohenfels Health Clinic, near Hohenfels, Germany",Public domain,https://commons.wikimedia.org/wiki/File:Needle_Chest_Decompression_(7952541).jpg,Codex: Commons API licence/author + original SHA1 match; visual inspection 2026-10-04,Original image retained; display scaled proportionally; teaching interpretation separate,42f56651dc970cd6aaf01f7798a200e8455bc6f7b7f8dae7ecbde5131278805c
skill-needle-02.jpg,Intropin (Mark Oniffrey),File:Thoacic Decompression Needle 2.jpg,https://commons.wikimedia.org/wiki/File:Thoacic_Decompression_Needle_2.jpg,—,"A 14-gauge, 3.25 inch (82.55 mm) needle and catheter for decompression of tension pneumothorax; shown with protective packaging.",CC BY-SA 4.0,https://creativecommons.org/licenses/by-sa/4.0,Codex: Commons API licence/author + original SHA1 match; visual inspection 2026-10-04,Original image retained; display scaled proportionally; teaching interpretation separate,1db2ec90a058e8a082f7cd89ccbcc9c9a91b12b7dbf744e30adc995ec6907074
skill-pelvic-01.jpg,U.S. Marine Corps photo by Cpl. Kira Ducato,III EOTG - MTB Conducts Prolonged Casualty Care Course (8948455),https://commons.wikimedia.org/wiki/File:III_EOTG_-_MTB_Conducts_Prolonged_Casualty_Care_Course_(8948455).jpg,8948455 (DVIDS),"U.S. Navy Sailors HM3 Alejandra Jacoby and HA Evan Pugh tighten a pelvic binder on a notional casualty during Prolonged Casualty Care Course on Camp Hansen, Okinawa, Japan, March 14, 2025.",Public domain (U.S. federal government work),https://commons.wikimedia.org/wiki/File:III_EOTG_-_MTB_Conducts_Prolonged_Casualty_Care_Course_(8948455).jpg,"Codex: corrected Commons source page, public-domain declaration; SHA1 5c46beda2a023a8366bfeea225e57e4299969c0a; visual inspection",Original image retained; display scaled proportionally; teaching interpretation separate,c3a2261de5a31c6315cf7e65505822f8807ff92eef48fe3dac489c9a3602e304
skill-pelvic-02.jpg,Sgt. Mykaela Martin (U.S. Army),File:Operation Georgian Shield 2023 (7887112).jpg,https://commons.wikimedia.org/wiki/File:Operation_Georgian_Shield_2023_(7887112).jpg,7887112 (DVIDS),"A Georgian special forces operator demonstrates how to secure a pelvic binder to stabilize the pelvis and stop bleeding in the case of a medical emergency during Operation Georgian Shield on June 13, 2023, in Batumi, Georgia.",Public domain,https://commons.wikimedia.org/wiki/File:Operation_Georgian_Shield_2023_(7887112).jpg,Codex: Commons API licence/author + original SHA1 match; visual inspection 2026-10-04,Original image retained; display scaled proportionally; teaching interpretation separate,92ed64cf103f5a079bef3473f655afb2bf06dc24d234daf0646ff1a9c375d5d2
skill-splint-01.jpg,U.S. Navy photo,File:US Navy 080904-M-9389C-029 Hospital Corpsman 3rd Class Edwin L. Daniel demonstrates how to properly place a SAM splint on a patient.jpg,https://commons.wikimedia.org/wiki/File:US_Navy_080904-M-9389C-029_Hospital_Corpsman_3rd_Class_Edwin_L._Daniel_demonstrates_how_to_properly_place_a_SAM_splint_on_a_patient.jpg,080904-M-9389C-029 (DVIDS),"NOW ZAD, Afghanistan (Sept. 4, 2008) Hospital Corpsman 3rd Class Edwin L. Daniel, assigned to 2nd Battalion, 7th Marines, demonstrates to the Marines in his squad how to properly place a SAM splint on a patient during combat life saver refresher training",Public domain,https://commons.wikimedia.org/wiki/File:US_Navy_080904-M-9389C-029_Hospital_Corpsman_3rd_Class_Edwin_L._Daniel_demonstrates_how_to_properly_place_a_SAM_splint_on_a_patient.jpg,Codex: Commons API licence/author + original SHA1 match; visual inspection 2026-10-04,Original image retained; display scaled proportionally; teaching interpretation separate,d00f5fb6a58a00082725989ed4f58f81d2ab21dfa9de7ed6ec5d301b88f2ee84
skill-splint-02.jpg,"Florian Thillmann (User:Flothi, de.wikipedia)",File:SamSplint-straight.jpg,https://commons.wikimedia.org/wiki/File:SamSplint-straight.jpg,—,SamSplint - gerade (German: SamSplint - straight),CC BY-SA 3.0,http://creativecommons.org/licenses/by-sa/3.0/,Codex: Commons API licence/author + original SHA1 match; visual inspection 2026-10-04,Original image retained; display scaled proportionally; teaching interpretation separate,e288bd0f7b62a1ef42441e629b1d7b11409104a254633ab282f8f15d4edeee1d
skill-tourniquet-01.jpg,U.S. Navy photo by Mass Communication Specialist 2nd Class Barry Hirayama,File:Tourniquet application.jpg,https://commons.wikimedia.org/wiki/File:Tourniquet_application.jpg,—,"YOKOSUKA, Japan (Nov. 30, 2007) Hospitalman Mark Domingo applies a tourniquet to control bleeding on a simulated casualty during a tactical combat casualty care (TCCC) field training exercise",Public domain,https://commons.wikimedia.org/wiki/File:Tourniquet_application.jpg,Codex: Commons API licence/author + original SHA1 match; visual inspection 2026-10-04,Original image retained; display scaled proportionally; teaching interpretation separate,c3ff8691847cfc1e9b7cd4aa4520e0c66624083ba061d6f03650575187725f4d
skill-tourniquet-02.jpg,Kbshk55 (Wikimedia Commons user),File:Tourniquet CAT training.jpg,https://commons.wikimedia.org/wiki/File:Tourniquet_CAT_training.jpg,—,Накладання турнікету (Ukrainian: tourniquet application),CC BY-SA 4.0,https://creativecommons.org/licenses/by-sa/4.0,Codex: Commons API licence/author + original SHA1 match; visual inspection 2026-10-04,Original image retained; display scaled proportionally; teaching interpretation separate,6f7dbe89342ef57f1375e6d75d8a8f4397e175811f53f9e1d1cc953ce1d93c55
tbi-fig1-acute-sdh-ct.jpg,Glitzy queen00（英文维基 English Wikipedia）；箭头标注由 Delldot 后期添加,Trauma subdural arrow.jpg,https://commons.wikimedia.org/wiki/File:Trauma_subdural_arrow.jpg,图 1（模块内 Fig.1）,This CT scan is an example of Subdural haemorrhage caused by trauma.,Public domain,https://commons.wikimedia.org/wiki/File:Trauma_subdural_arrow.jpg,Codex: Commons API licence/author + original SHA1 match; visual inspection 2026-10-04,Original image retained; display scaled proportionally; teaching interpretation separate,cf23a6871a641d0a2001854e13720b40c20b55a3da676284208f5940dcffbd2b
tbi-fig2-sdh-midline-shift-ct.png,"James Heilman, MD",Subduralandherniation.PNG,https://commons.wikimedia.org/wiki/File:Subduralandherniation.PNG,图 2（模块内 Fig.2）,Large left sided frontal parietal subdural hematoma with associated midline shift,CC BY-SA 3.0,https://creativecommons.org/licenses/by-sa/3.0,Codex: Commons API licence/author + original SHA1 match; visual inspection 2026-10-04,Original image retained; display scaled proportionally; teaching interpretation separate,4271232873a2cbfdae3293666a5867f742e53e4699dcfb298a3cbed6683dfbc1
trauma-bay-resuscitation-room.jpg,Calvin411（Wikimedia Commons 用户，本人作品）,Wikimedia Commons 文件：Resuscitation room of the CHUM ER level.（无图号；原文件名 CHUM Emergency Level Resuscitation.jpg）,https://commons.wikimedia.org/wiki/File:CHUM_Emergency_Level_Resuscitation.jpg,Wikimedia Commons 文件：Resuscitation room of the CHUM ER level.（无图号；原文件名 CHUM Emergency Level Resuscitation.jpg）,Resuscitation room of the CHUM ER level.,CC BY-SA 4.0,https://creativecommons.org/licenses/by-sa/4.0,Codex: Commons API licence/author + original SHA1 match; visual inspection 2026-10-04,Original image retained; display scaled proportionally; teaching interpretation separate,fefa49dda5f506d45369ae9074c5a922d13217b0dd650d99ed88b2392d743f6a
trauma-bay-team-briefing.jpg,U.S. Army photo by Capt. Jordan Beagle,"Wikimedia Commons 文件：US, Angola conduct trauma activation simulation (9918722)（无图号；原文件名 US, Angola conduct trauma activation simulation (9918722).jpg）","https://commons.wikimedia.org/wiki/File:US,_Angola_conduct_trauma_activation_simulation_(9918722).jpg","Wikimedia Commons 文件：US, Angola conduct trauma activation simulation (9918722)（无图号；原文件名 US, Angola conduct trauma activation simulation (9918722).jpg）","Angolan Lt. Cmdr. Joaquim Quibuco, a navy surgeon, briefs his team on roles and responsibilities in preparation for a simulated scenario during the Angola Medical Readiness Exercise at Hospital Militar Principal, Luanda, Angola, Sept. 7, 2026.",Public domain,"https://commons.wikimedia.org/wiki/File:US,_Angola_conduct_trauma_activation_simulation_(9918722).jpg",Codex: Commons API licence/author + original SHA1 match; visual inspection 2026-10-04,Original image retained; display scaled proportionally; teaching interpretation separate,dd59f9992b78aad3eaf5d4d24462dd06357116d6d088de8b41adb723a78928e6
xabcde-fast-morison-positive.jpg,Drahreg01（Wikimedia Commons 用户，本人作品）,Wikimedia Commons 文件：Ultrasound-image of Morison's Pouch with some fluid（无图号；原文件名 Morison003.jpg）,https://commons.wikimedia.org/wiki/File:Morison003.jpg,Wikimedia Commons 文件：Ultrasound-image of Morison's Pouch with some fluid（无图号；原文件名 Morison003.jpg）,Ultrasound-image of Morison's Pouch with some fluid,CC BY-SA 3.0,http://creativecommons.org/licenses/by-sa/3.0/,Codex: Commons API licence/author + original SHA1 match; visual inspection 2026-10-04,Original image retained; display scaled proportionally; teaching interpretation separate,0d92965e2f615cf99b5c7a473756c23ebfe4420c5793ba37a17bf8bad820281c
