unit,url,verification,reuse,teaching_scope
tube-thoracostomy,https://www.msdmanuals.com/professional/multimedia/video/how-to-do-tube-thoracostomy?ruleredirectid=742,Official page and video entry verified 2026-10-04; full playback not independently completed,External link only; no download/embedding permission implied,Technique under supervision in an accredited course only.
efast,https://www.msdmanuals.com/professional/multimedia/video/extended-focused-assessment-with-sonography-in-trauma-e-fast,Official page and video entry verified 2026-10-04; full playback not independently completed,External link only; no download/embedding permission implied,Interpretation integrates the clinical picture (specialist).
pelvic-binder,https://qte.csds.qld.edu.au/resources/the-application-of-pelvic-binders/,Official page and video entry verified 2026-10-04; full playback not independently completed,External link only; no download/embedding permission implied,Share options unconfirmed; player seen on first open.
splinting,https://surgeryreference.aofoundation.org/orthopedic-trauma/further-reading/casting-of-upper-limb,Official page and video entry verified 2026-10-04; full playback not independently completed,External link only; no download/embedding permission implied,AO page linked only; technique in an accredited course.
needle-decompression,https://www.msdmanuals.com/professional/multimedia/video/how-to-do-needle-thoracostomy-second-intercostal-space-midclavicular-approach,Official page and video entry verified 2026-10-04; full playback not independently completed,External link only; no download/embedding permission implied,One specific approach shown; selection per course/protocol.
bvm,https://www.msdmanuals.com/professional/multimedia/video/how-to-do-bag-valve-mask-ventilation?ruleredirectid=742,Official page and video entry verified 2026-10-04; full playback not independently completed,External link only; no download/embedding permission implied,General technique demo; escalation follows local protocol.
tourniquet,https://www.redcross.org/take-a-class/resources/articles/how-to-apply-a-tourniquet,Official page and video entry verified 2026-10-04; full playback not independently completed,External link only; no download/embedding permission implied,Conversion is senior judgement; no self-release timing taught.
intubation,https://www.msdmanuals.com/professional/multimedia/video/orotracheal-intubation,Official page and video entry verified 2026-10-04; full playback not independently completed,External link only; no download/embedding permission implied,No difficult-airway decisions; technique under supervision only.
trauma-bay,https://www.who.int/multi-media/details/who-trauma-care-checklist---simulation,WHO official page verified; simulation intro played in native Chrome 2026-10-04,External link only; no download/embedding permission implied,"Team checklist use; source simulation, not a course patient"
trauma-care-chain,https://www.who.int/multi-media/details/who-trauma-care-checklist,WHO official page verified; full playback not independently completed,External link only; no download/embedding permission implied,"Team checklist use; source simulation, not a course patient"
