unit,fig_no,local_file,source_title,author,source_url,figure_id,license,license_url,original_caption,observation_zh,observation_en,proves_zh,cannot_prove_zh,case_note
1,1-1,u1-hip-anatomy2.png,"Anatomy of the Human Body (1918), Plate 342",Henry Gray / 绘图 Henry Vandyke Carter,https://commons.wikimedia.org/wiki/File:Gray342.png,Plate 342,Public domain,,"Hip-joint, front view. The capsular ligament has been largely removed.",右髋关节前方观（关节囊已大部切除）：股骨头、髋臼、圆韧带清晰可见；正常时股骨头深坐于髋臼内——脱位需高能量暴力的解剖基础。,"Anterior view of the right hip with the capsule largely removed: femoral head, acetabulum and ligamentum teres visible; the head sits deep in the socket — why dislocation needs high-energy trauma.",正常髋关节的骨性结构关系,脱位方向、复位方法；1918年解剖图谱，非影像,独立图例；非病例影像
1,1-B,u1-hip-dislocation.png,Wikimedia Commons 文件页,"James Heilman, MD",https://commons.wikimedia.org/wiki/File:HipdisX.png,—,CC BY-SA 3.0,https://creativecommons.org/licenses/by-sa/3.0,A superiorly dislocated hip post trauma,骨盆正位：左侧股骨头向上移位、髋臼空虚，为创伤后上方脱位（上传者原标注圈出）。注意本例为上方脱位；临床最常见后脱位（约90%），读片要点相同——看股骨头是否在髋臼内。,AP pelvis: left femoral head displaced superiorly with an empty acetabulum — post-traumatic superior dislocation (circled by uploader). Note: superior in this case; posterior (~90%) is most common clinically; the reading point is the same — is the head inside the acetabulum?,脱位时“髋臼空虚、股骨头异位”的X线征象,脱位方向分布（单例不能代表90%后脱位）；关节囊撕裂与坐骨神经状态,独立病例；与图1-1、1-3非同一患者
1,1-A,u1-hip-prosthesis-dislocation.jpg,Wikimedia Commons 文件页,Bill Rhodes (Asheville),https://commons.wikimedia.org/wiki/File:Dislocated_hip_replacement.jpg,—,CC BY 2.0,https://creativecommons.org/licenses/by/2.0,A dislocated hip prosthesis.,股骨柄假体头脱出髋臼杯、向上移位。假体脱位可见金属部件，机制常与体位/假体位置/软组织张力相关，可发生于低能量，复发风险更高。,"Femoral stem head outside and above the acetabular cup. Metal components visible; mechanism often relates to position/component placement/soft-tissue tension, can follow low energy, higher recurrence risk.",假体脱位的影像表现（假体头与臼杯分离）,脱位原因（需结合体位史与假体位置评估）,独立病例；与图1-2非同一患者
2,2-1,u2-femur-anatomy.png,"Anatomy of the Human Body (1918), Plate 245",Henry Gray / 绘图 Henry Vandyke Carter,https://commons.wikimedia.org/wiki/File:Gray245.png,Plate 245,Public domain,,"Right femur, posterior surface.",右股骨后面观：股骨头、颈、大小转子、骨干、内外侧髁；对照AO/OTA近端31、骨干32、远端33。,"Posterior view of the right femur: head, neck, trochanters, shaft, condyles; maps to AO/OTA proximal 31, shaft 32, distal 33.",三段的解剖分界,骨折本身；1918年解剖图谱，非影像,独立图例；非病例影像
2,2-A,u2-femur-shaft-fracture.jpg,Wikimedia Commons 文件页,Hellerhoff,https://commons.wikimedia.org/wiki/File:Femurfraktur_unter_Bisphosphonattherapie_57W_-_CT_Topo_Volumen_Rendering_postoperatives_Roentgen_-_001.jpg,—,CC BY-SA 4.0,https://creativecommons.org/licenses/by-sa/4.0,"Right femoral shaft fracture during bisphosphonate therapy for breast cancer: short, transverse fracture of proximal shaft with pre-existing thickening of the outer cortex (previous stress fracture).",组合图（CT定位像+三维重建+术后X线）：右侧股骨近端骨干横形骨折，外侧皮质原有增厚；术后X线示髓内钉贯穿骨折端。注意：本例为双膦酸盐相关的非典型骨折（低能量），用于观察横形形态与髓内钉固定；创伤性股骨干骨折多为高能量。,"Composite (CT scout + 3D + post-op X-ray): transverse proximal shaft fracture with lateral cortical thickening; intramedullary nail spanning the fracture. Note: bisphosphonate-related atypical fracture (low energy), shown for transverse morphology and nailing; traumatic shaft fractures are usually high energy.",横形骨折形态、髓内钉固定方式,高能量创伤的典型表现；不能代表所有股骨干骨折病因,独立病例
3,3-1,u3-knee-anatomy.png,"Anatomy of the Human Body (1918), Plate 350",Henry Gray / 绘图 Henry Vandyke Carter,https://commons.wikimedia.org/wiki/File:Gray350.png,Plate 350,Public domain,,Sagittal section of right knee-joint.,右膝关节矢状切面：股骨、髌骨、髌韧带、胫骨、半月板；伸膝装置链条：股四头肌腱→髌骨→髌韧带→胫骨结节。,"Sagittal section of the right knee: femur, patella, patellar ligament, tibia, meniscus; extensor chain quadriceps tendon → patella → patellar ligament → tibial tuberosity.",伸膝装置的解剖连续关系,骨折；1918年解剖图谱，非影像,独立图例；非病例影像
3,3-2,u3-patella-transverse.jpg,"Jarraya M et al., Imaging of patellar fractures, Insights into Imaging 2017","Jarraya M, Diaz LE, Arndt WF, Roemer FW, Guermazi A",https://pmc.ncbi.nlm.nih.gov/articles/PMC5265199/,Fig. 3,CC BY 4.0,https://creativecommons.org/licenses/by/4.0,"Two examples of transverse fractures in young adults. (a, d) Drawing, (b, e) anteroposterior radiograph, and (c, f) 3D CT surface reconstruction. (a–c) Non-displaced and (d–f) displaced transverse fractures through the body of the patella. Displaced fractures are associated with a higher risk of retinacular injury",两名年轻成人横行骨折对照：上排（a–c）无移位，下排（d–f）移位伴分离；移位者支持带损伤风险更高。,"Transverse fractures in two young adults: top row (a–c) non-displaced, bottom row (d–f) displaced with separation; displaced fractures carry higher retinacular injury risk.",横行骨折形态（无移位vs移位）、X线与CT互补,伸膝装置查体所见；均为年轻成人，不代表老年骨质疏松骨折,上排与下排为两名不同患者，绝非同一病例时序
3,3-3,u3-patella-inferior-pole.jpg,"Jarraya M et al., Imaging of patellar fractures, Insights into Imaging 2017","Jarraya M, Diaz LE, Arndt WF, Roemer FW, Guermazi A",https://pmc.ncbi.nlm.nih.gov/articles/PMC5265199/,Fig. 4,CC BY 4.0,https://creativecommons.org/licenses/by/4.0,Patellar fracture of the lower pole in a 39-year-old man. (a) Drawing and (b) anteroposterior and (c) lateral radiographs show a transverse fracture of the lower pole of the patella,39岁男性髌骨下极横行骨折；下极为关节外，常合并髌腱软组织损伤；侧位高位髌骨提示下极撕脱。,"Transverse fracture of the lower pole in a 39-year-old man; extra-articular, often with patellar tendon soft-tissue injury; patella alta suggests inferior pole avulsion.",下极骨折的X线表现,髌腱是否完全断裂（需超声/MRI）,独立病例；与图3-2非同一患者
4,4-1,u4-plateau-anatomy.png,"Anatomy of the Human Body (1918), Plate 349",Henry Gray / 绘图 Henry Vandyke Carter,https://commons.wikimedia.org/wiki/File:Gray349.png,Plate 349,Public domain,,"Head of right tibia seen from above, showing menisci and attachments of ligaments.",右胫骨上端俯视：内侧半月板大而C形、外侧小而O形；对应内侧平台大而凹、外侧小而凸——外侧相对薄弱，劈裂塌陷好发于外侧。,"Superior view of the right tibial head: medial meniscus large/C-shaped, lateral small/O-shaped; matches medial large/concave vs lateral small/convex plateau — lateral split-depression predominates.",内外侧平台形态差异,骨折；1918年解剖图谱，非影像,独立图例；非病例影像
4,4-2,u4-plateau-depression.jpg,Wikimedia Commons 文件页,LottieLattes,https://commons.wikimedia.org/wiki/File:Lateral_Tibial_Plateau_fracture_XRay_with_Depression.jpg,—,CC BY-SA 4.0,https://creativecommons.org/licenses/by-sa/4.0,Lateral Tibial Plateau fracture XRay with Depression,膝关节正位（L标记）：外侧胫骨平台塌陷，关节面较内侧下沉、失去平整；典型的外侧劈裂塌陷。,AP knee (L marker): depressed lateral tibial plateau with loss of articular flatness vs the medial side; typical lateral split-depression.,外侧平台塌陷的X线表现,塌陷精确深度（需CT）；软组织状态,独立病例；与图4-1非同一来源
5,5-1,u5-ankle-anatomy.png,"Anatomy of the Human Body (1918), Plate 357",Henry Gray / 绘图 Henry Vandyke Carter,https://commons.wikimedia.org/wiki/File:Gray357.png,Plate 357,Public domain,,Coronal section through right talocrural and talocalcaneal joints.,右距小腿关节冠状切面：胫骨延续为内踝、腓骨延续为外踝（两块独立骨），下胫腓骨间韧带位于两骨之间，距骨坐于踝穴内、胫骨穹窿之下。,"Coronal section of the right talocrural joint: tibia → medial malleolus, fibula → lateral malleolus (two separate bones); syndesmotic interosseous ligament between them; talus in the mortise beneath the tibial plafond.",踝穴正常骨性结构（两块独立骨+联合+距骨）,骨折或联合损伤；1918年解剖图谱，非影像,独立图例；非病例影像
5,5-2,u5-ankle-bimalleolar2.jpg,"Tellisi N et al., OA Case Reports 2012;1(1), DOI 10.13172/2052-0077-1-1-288","Tellisi N, Abdulkareem IS, Giannoudis PG",https://commons.wikimedia.org/wiki/File:X-ray_of_bimalleolar_fracture.jpg,Fig. (frontal X-ray),CC BY 4.0,https://creativecommons.org/licenses/by/4.0,Frontal X-ray of a bimalleolar fracture. (Article: Combined ipsilateral calcaneal and bimalleolar ankle fractures treated by ORIF),踝关节正位：内踝骨折伴移位、外踝（腓骨远端）骨折，即双踝骨折；踝穴环两处断裂，多不稳定，常需ORIF恢复踝穴。,"Frontal ankle X-ray: displaced medial malleolar fracture plus distal fibular fracture — bimalleolar fracture; two breaks in the malleolar ring, usually unstable, often needs ORIF.",双踝骨折的X线表现,下胫腓联合是否损伤（需应力位/CT）,独立病例；与图5-1非同一来源
1,1-2,u1-hip-posterior-dislocation.jpg,"Incongruent reduction following post-traumatic hip dislocations as an indicator of intra-articular loose bodies: A prospective study of 117 dislocations (Indian Journal of Orthopaedics, 2011)",Karthik K / Sundararajan SR / Dheenadhayalan J / Rajasekaran S,https://pmc.ncbi.nlm.nih.gov/articles/PMC3004076/,Fig. 1,CC BY 2.0,https://creativecommons.org/licenses/by/2.0/,(a) X-ray of right hip joint (an anteroposterior view) showing posterior dislocation of hip in a 44-year-old male. (b) Postreduction X-ray (an anteroposterior view) shows noncongruent reduction: there is a broken Shenton’s line and increase in medial joint space. (c) CT scan shows the presence of an osteochondral fragment on the medial side of the joint. This was removed by open reduction. (d) A postoperative X-ray shows congruent reduction. The origin of the loose body was from the posterior lip of the acetabulum,"44岁男性车祸后右髋后脱位：(a)脱位正位X线示股骨头向后上脱出髋臼；(b)复位后Shenton线中断、内侧间隙增宽（复位不匹配）；(c)CT证实关节内侧骨软骨碎片（后经开放取出）；(d)取出后复位同心圆——""复位后常规CT""的直接影像依据。",Posterior dislocation of the right hip in a 44-year-old man after a crash: (a) dislocated AP X-ray; (b) post-reduction broken Shenton's line with widened medial joint space (incongruent reduction); (c) CT confirms a medial osteochondral fragment (later removed openly); (d) concentric reduction restored after removal — direct imaging basis for routine post-reduction CT.,后脱位的X线表现；复位不匹配征象（Shenton线中断）；CT发现游离体的价值；复位后同心圆确认。,股骨头血供状态；坐骨神经状态（需查体）；股骨头骨折隐匿性（CT外层面）,独立病例（Karthik等117例前瞻性研究中的1例；与本课程其他各图均非同一患者）——2026-10-04核验：文章署名CC BY（attribution license），Fig.1/2无第三方署名
2,2-2,u2-femur-shaft-traumatic.jpg,"Ipsilateral Foot Drop After Leg Traction on Fracture Table for Mid-Shaft Femur Fracture Nailing: A Rare Case Report (Cureus, 2023)",Alzahrani JA / Alabdali AA / Albariqi MO,https://pmc.ncbi.nlm.nih.gov/articles/PMC10440397/,Fig. 1,CC BY (version not stated in original article),https://pmc.ncbi.nlm.nih.gov/articles/PMC10440397/,"Preoperative radiographs of the right femur, revealing a closed femoral shaft fracture. Anteroposterior view (A and B); anteroposterior view of the pelvis (C).","35岁男性100km/h正面撞击车祸后右股骨中段闭合骨折：(A)(B)股骨正位X线示骨干中段骨折、断端明显移位；(C)骨盆正位（术前评估一部分）——典型高能量创伤性股骨干骨折，对应课程""骨干32多为高能量暴力，肌肉牵拉使骨折端明显移位""。(原报告关注点为牵引床致同侧足下垂医源性并发症，本图仅取术前骨折影像。)",Closed right midshaft femoral fracture in a 35-year-old man after a frontal crash at ~100 km/h: (A)(B) AP femur X-rays show displaced midshaft fracture; (C) AP pelvis (part of preoperative assessment) — typical high-energy traumatic femoral shaft fracture. (The report's focus is an iatrogenic traction-table foot drop; only the preoperative fracture images are used here.),高能量股骨干骨折的X线表现（断端明显移位）。,同侧股骨颈隐匿骨折（需加拍髋部影像）；固定方式（本图为术前片）；术后足下垂并发症（不在本图）,独立病例（35岁男性车祸，Cureus 2023；与本课程其他各图均非同一患者）——2026-10-04核验：文章署名CC BY，Fig.1无第三方署名
